Data,Średnia waga (kg),Największa waga (kg),Najmniejsza waga (kg),Kalorie (kcal),Punkty kardio,Minuty intensywnego treningu,Dolna szerokość geograficzna (w stopniach),Dolna długość geograficzna (w stopniach),Górna szerokość geograficzna (w stopniach),Górna długość geograficzna (w stopniach),Średnie tętno (bpm),Najwyższe tętno (bpm),Najniższe tętno (bpm),Liczba kroków,Odległość (m),Średnia szybkość (m/s),Największa szybkość (m/s),Najmniejsza szybkość (m/s),Liczba minut ruchu,Jazda na rowerze – czas trwania (ms),Brak aktywności – czas trwania (ms),Marsz – czas trwania (ms),Bieg – czas trwania (ms),Badminton – czas trwania (ms),Turystyka piesza – czas trwania (ms),Sen – czas trwania (ms),Pływanie – czas trwania (ms),Inna – czas trwania (ms),Płytki sen – czas trwania (ms),Głęboki sen – czas trwania (ms),Wybudzenie ze snu – czas trwania (ms)
2020-05-03,,,,132.88929087384258,,,,,,,,,,,,,,,,,,,,,,,,,,,
2020-05-04,,,,1619.5,,,,,,,,,,,,,,,,,,,,,,,,,,,
2020-05-05,70.5,70.5,70.5,1617.0454859785107,,,,,,,,,,,,,,,,,7068986,,,,,,,,,,
2020-05-06,,,,1589.4999389648438,,,,,,,,,,,,,,,,,86400000,,,,,,,,,,
2020-05-07,,,,1634.9451638109865,9.0,9,52.4079345,16.901678,52.4099946,16.9040898,,,,2423,1477.9093370437622,0.5930577941441649,1.8299365043640137,0.09693687409162521,29,,50689962,811237,,,,33000000,,,,,
2020-05-08,,,,1739.1703452699358,25.0,25,52.4099147,16.9027473,52.4163836,16.9117546,,,,6067,4101.5986070632935,1.4581991150324904,12.883502006530762,0.3061806857585907,80,,60680538,2671747,,,,21900000,,,,,
2020-05-09,,,,2137.5566549944006,52.0,51,52.4013706,16.878621,52.4207255,16.9146254,,,,18750,12658.502171874046,0.91504330086693,5.452577114105225,0.26009052991867065,240,,44358163,9762471,,,,23640000,,,,,
2020-05-10,,,,1663.8945510207122,19.0,19,52.4095468,16.9031188,52.4113964,16.9122452,,,,4231,2897.6311509609222,0.529371856536442,1.8565071821212769,0.2558199167251587,47,,59118219,1327249,,,,24780000,,,,,
2020-05-11,,,,1914.099034213355,31.0,20,52.4099759,16.8598229,52.4159444,16.9083325,,,,12353,8371.973508775234,0.6371340384471301,2.9016165733337402,0.23367072641849518,201,,46191407,5794376,,,,28500000,,,,,
2020-05-12,,,,1883.7305307506713,38.0,37,52.4100891,16.9034226,52.4269405,16.9098876,,,,9489,6243.461542919278,0.5789356730265223,8.305095672607422,0.013215502724051476,115,,49516216,5252273,,,,29520000,,,,,
2020-05-13,,,,1763.7458586884486,37.0,35,52.4011038,16.9024602,52.4098049,16.9138723,,,,7803,5540.133123874664,0.5979992320943535,2.845892906188965,0.2792341709136963,102,,53117940,3085919,,,,28200000,,,,,
2020-05-14,,,,1593.976339409415,,,,,,,,,,1901,1060.7669557332993,0.8587062365717151,1.8143298625946045,0.2558199167251587,33,,64044492,79909,,,,21000000,,,,,
2020-05-15,,,,1589.4999698569786,9.0,8,,,,,,,,2710,255.97516918182373,2.2616708611471315,14.075685501098633,0.24165570735931396,36,,63480000,,,,,22920000,,,,,
2020-05-16,,,,1614.3834395513834,5.0,5,52.4100937,16.9040268,52.4100937,16.9040268,,,,1551,768.940803527832,0.8387849881914445,2.035372734069824,0.029146956279873848,27,,58462100,417978,,,,26700000,,,,,
2020-05-17,,,,1673.2259048264903,20.0,17,52.4094561,16.9023202,52.4122171,16.9084796,,,,4166,2800.1350721120834,0.4879229920054553,2.5633654594421387,0.300310343503952,54,,49698355,1494582,,,,32760000,,,,,
2020-05-18,,,,1698.041804915647,19.0,18,52.410149,16.9033959,52.4159441,16.9075451,,,,5173,3412.7800645828247,0.6209814829447576,2.3684639930725098,0.08346326649188995,69,,63817311,1937568,,,,18300000,,,,,
2020-05-19,,,,1736.1420314186676,24.0,24,52.4079869,16.9017419,52.4157669,16.9081019,,,,5636,3699.3474066257477,0.6109808611206341,7.432485103607178,0.2558199167251587,74,,45424564,2597448,,,,37200000,,,,,
2020-05-20,,,,1619.0958485199758,,,,,,,,,,2704,1753.1886253356934,0.5035636739795043,3.845337390899658,0.31143295764923096,50,,54859261,287737,104897,,,30000000,,,,,
2020-05-21,,,,1811.6184971928596,22.0,21,52.4066071,16.9032951,52.410421,16.923939,,,,7708,5244.918726205826,0.6732007851700331,2.8403866291046143,0.280965656042099,91,,44936681,3961309,,,,35220000,,,,,
2020-05-22,,,,1593.7591672814638,,,,,,,,,,1316,889.8716495037079,0.5712126637644963,2.1967592239379883,0.2891877293586731,19,,47272428,76031,,,,36000000,,,,,
2020-05-23,,,,1648.6758083711636,12.0,9,52.4099426,16.9040991,52.413133,16.9130622,,,,2515,1774.0460891723633,0.5635286488053228,2.906517267227173,0.26694250106811523,32,,51282224,798866,74048,,,33660000,,,,,
2020-05-24,,,,1635.8480661106614,3.0,3,,,,,,,,1999,1319.1498889923096,0.7752385337669525,10.808479309082031,0.1983812153339386,30,,50706441,827355,,,,34200000,,,,,
2020-05-25,,,,1689.7473844423746,18.0,17,52.4079392,16.9016676,52.4120451,16.9069469,,,,5963,3831.374980330467,0.6458867307243937,3.4512851238250732,0.27806511521339417,82,,58206163,1789505,,,,22740000,,,,,
2020-05-26,,,,1602.6710943219673,3.0,3,,,,,,,,2349,1543.8346128463745,0.6424603437581067,3.7447378635406494,0.2601839005947113,34,,57043928,235117,,,,27480000,,,,,
2020-05-27,,,,2022.0540789777333,79.0,79,52.4099456,16.9031439,52.4268442,16.9126513,,,,16315,11413.228625923395,0.6735346299645428,3.71706223487854,0.2628479301929474,202,,49388145,7721470,,,,24300000,,,,,
2020-05-28,,,,1911.6435634430536,59.0,59,52.4080843,16.903176,52.4204481,16.9150898,,,,11416,7747.678359389305,0.7226007724868571,10.689631462097168,0.2558199167251587,120,,49030131,5750544,,,,29280000,,,,,
2020-05-29,,,,1794.3173924213886,28.0,24,52.4069419,16.9045974,52.4343607,16.9383099,,,,8159,5915.1436713933945,3.09951455000252,39.25200271606445,0.19439522922039032,109,,36771534,3537760,,,,29040000,,,,,
2020-05-30,,,,1791.025631665492,17.0,17,53.0969961,16.76859,53.1501792,17.0100326,,,,7014,4818.728328227997,0.7120076945047363,24.62196159362793,0.26182571053504944,98,,51996594,3597409,,,,22620000,,,,,
2020-05-31,,,,1954.6760084351515,31.0,31,52.4101087,16.9036262,52.4271256,16.9103369,,,,17371,11941.673342585564,1.4040060134773324,27.497915267944336,0.26694250106811523,264,,38065958,6309221,72003,,,22500000,,,,,
2020-06-01,,,,1993.0577370485412,31.0,30,52.382428,16.9098295,52.4411813,16.9888612,,,,14549,9539.398876428604,2.072350281886571,24.880117416381836,0.26694250106811523,197,,40360103,7169834,,,,29100000,,,,,
2020-06-02,,,,1945.510047954481,45.0,44,52.4051469,16.9096139,52.4399088,16.9372371,,,,14471,10496.100306883454,0.9748965777322339,8.594243049621582,0.2391815185546875,195,,41506184,6339141,,,,29040000,,,,,
2020-06-03,,,,1776.262324819092,29.0,28,52.4253819,16.909892,52.4364263,16.9212409,,,,10516,7398.213118553162,1.1478642572019677,5.657832622528076,0.24798762798309326,158,,41159565,3321706,,,,33960000,,,,,
2020-06-04,,,,2069.1789073598616,73.0,73,52.4256934,16.9077503,52.4378337,16.9193618,,,,16895,11576.173240065575,0.6311676044453454,8.026853561401367,0.2558199167251587,232,,72971501,8402497,,,,,,,,,
2020-06-05,,,,1595.7525448295544,,,,,,,,,,1220,767.9205617904663,0.49965410380360287,1.0893031358718872,0.26694250106811523,19,,54391264,111613,,,,30480000,,,,,
2020-06-06,,,,1871.6329487594726,68.0,62,52.4061565,16.904479,52.4429402,16.9253131,,,,13106,7749.409960029767,0.7286799062871308,4.907321453094482,0.2524576783180237,149,,46233980,5028392,,,,28200000,,,,,
2020-06-07,,,,1732.0881682573036,3.0,2,52.4088304,16.9121151,52.4270593,16.9207504,,,,5062,3380.7983601110723,0.755697226613025,5.998699188232422,0.254362016916275,70,,57216822,2545325,,,,24900000,,,,,
2020-06-08,,,,1679.786590717155,3.0,2,52.4263185,16.9099685,52.4268507,16.9119133,,,,4456,3016.562580227852,0.9301605965526626,3.2937119007110596,0.2706877887248993,69,,46116163,1611694,,,,35820000,,,,,
2020-06-09,,,,1646.7348978165103,6.0,6,52.4262862,16.9096942,52.4271119,16.9121106,,,,2877,1862.0367965698242,0.40376259615436194,9.932367324829102,0.2558199167251587,41,,51484979,1021694,,,,30060000,,,,,
2020-06-10,,,,1904.9683518304887,52.0,52,52.4263091,16.909577,52.4378381,16.9192796,,,,9804,6418.002616405487,0.6520026173572717,2.8767447471618652,0.1875772625207901,122,,47789436,5617451,,,,27960000,,,,,
2020-06-11,,,,1598.1122534526214,,,,,,,,,,1061,688.049397945404,0.5979428116372995,1.6206963062286377,0.26214998960494995,10,,56411024,153737,,,,29280000,,,,,
2020-06-12,,,,1999.206241232751,91.0,89,52.4268287,16.9100554,52.4406191,16.9287979,,,,14528,10414.138028383255,0.691946731042559,4.327540397644043,0.25445523858070374,152,,44923193,7313616,,,,32460000,,,,,
2020-06-13,,,,1879.0254026578577,51.0,50,52.4206682,16.8883671,52.4268147,16.9129427,,,,9566,5745.060022354126,0.728992262113914,4.811606407165527,0.029597284272313118,111,220614,50371441,4924733,,,,29040000,,,,,
2020-06-14,,,,1789.99361987373,3.0,3,52.4235581,16.9021243,52.4267797,16.9100484,,,,6890,4592.700522542,0.6836087274764583,3.2536873817443848,0.24845343828201294,110,,46062137,3578986,,,,29940000,,,,,
2020-06-15,,,,1702.9336688518524,12.0,11,52.4263121,16.9096749,52.4273085,16.9120973,,,,3975,2743.5382148623466,0.5556280631924687,2.2336182594299316,0.251099556684494,53,,47627538,1587860,184422,,,34740000,,,,,
2020-06-16,,,,2020.023228237133,81.0,81,52.4265089,16.9095904,52.4378739,16.9523719,,,,14077,9735.806510448456,0.682701113869098,12.360939025878906,0.08794274926185608,146,,38954267,7685216,,,,37200000,,,,,
2020-06-17,,,,1607.9528411538117,,,,,,,,,,2075,1358.133836865425,0.85871542649437,3.5591559410095215,0.2558199167251587,29,,55350353,329400,,,,26700000,,,,,
2020-06-18,,,,1681.5198298698085,14.0,13,52.4264711,16.9099275,52.4273155,16.9182931,,,,6056,4208.770591616631,0.9171987022259636,3.146630048751831,0.24700096249580383,85,,50295582,1642572,,,,30960000,,,,,
2020-06-19,,,,1693.1355204053582,23.0,23,52.4242506,16.9095374,52.4273051,16.9184287,,,,4276,2482.521466255188,0.5484652012753216,2.750763177871704,0.28744998574256897,45,,51650044,1849986,,,,28800000,,,,,
2020-06-20,,,,1820.8128011016167,23.0,23,,,,,,,,9740,6670.611211895943,0.5527405682771307,2.89904522895813,0.26694250106811523,141,,47766513,4127337,,,,28560000,,,,,
2020-06-21,,,,1642.8948479572318,3.0,3,,,,,,,,3879,2646.844783782959,0.6375667769033295,3.303419351577759,0.25317010283470154,66,,59714896,953145,,,,23100000,,,,,
2020-06-22,,,,2076.514723157131,18.0,18,52.3999497,16.8602066,52.4111072,16.9144986,,,,14407,9726.736166119576,0.7013721432277287,13.120970726013184,0.23133695125579834,219,,45410036,8689240,,,,23940000,,,,,
2020-06-23,,,,1604.3088760305136,,,,,,,,,,1623,1067.144330739975,0.4634864992058839,1.802390456199646,0.26694250106811523,27,,84498441,264353,,,,,,,,,
2020-06-24,,,,2150.0306064346782,42.0,41,52.4206043,16.8958904,52.4277823,16.9120447,,,,18090,12470.57014131546,0.80848782253073,11.220641136169434,0.04292029142379761,251,,40630933,9982782,,,,28800000,,,,,
2020-06-25,,,,1614.7832030084132,,,,,,,,,,2985,1929.9289660453796,0.8286333894943816,2.7351317405700684,0.2558199167251587,59,,51394568,450627,,,,30000000,,,,,
2020-06-26,,,,1778.5533098184344,10.0,10,52.4214839,16.9007158,52.4268362,16.9101036,,,,6612,4318.381685495377,0.5856330735746746,3.176331043243408,0.24901629984378815,94,,45258608,3374766,,,,32400000,,,,,
2020-06-27,,,,1637.8193402881845,5.0,5,52.4262875,16.9095714,52.4273265,16.9119002,,,,3923,2767.3008432388306,0.6712313087890436,9.006814002990723,0.2539607286453247,66,,42091197,862543,,,,39730380,,,,,
2020-06-28,,,,1868.3715363378926,13.0,12,52.4195338,16.9082842,52.4267627,16.9118901,,,,9653,6453.481675744057,0.6752525046600636,7.322312831878662,0.2555733025074005,150,,50307612,4781081,85906,,,27120000,,,,,
2020-06-29,,,,2102.9071745110105,59.0,59,47.4931444,19.0451247,47.5217152,19.1124543,,,,15740,11003.780633807182,13.006080750604738,38.480003356933594,0.14466094970703125,195,,14334480,8945151,94931,,,13260000,,,,,
2020-06-30,,,,2298.7199454340484,63.0,59,47.5043781,16.6375912,48.8990242,19.1177394,,,,20827,14972.556844472885,5.727067851471129,38.84000015258789,0.04004339128732681,260,,16925948,12654336,,,,24300000,,,,,
2020-07-01,,,,2102.3006476735077,58.0,55,50.343392,16.1418433,50.4801748,16.2916147,,,,16566,10881.272642314434,3.3486420946117668,33.64400100708008,0.2556925415992737,212,,24668148,9153943,,,,27300000,,,,,
2020-07-02,,,,1829.7915996521713,16.0,16,50.4380414,16.6514219,50.4404215,16.659517,,,,7310,4918.366716809571,6.416828738093251,42.36968231201172,0.2486850470304489,97,,28568779,4086027,86678,,,36480000,,,,,
2020-07-03,,,,2008.8959563020578,76.0,75,52.4008384,16.9083496,52.4554525,16.9562281,,,,13808,10102.76733481884,1.059176293023082,19.286705017089844,0.23285315930843353,139,,37707793,7429953,,,,32400000,,,,,
2020-07-04,,,,1808.3108207028138,20.0,19,52.4026101,16.909516,52.4282723,16.9431734,,,,7342,5805.261256158352,0.588648609405272,23.959293365478516,0.2664356231689453,105,,50723134,3626853,,,,28740000,,,,,
2020-07-05,,,,2084.251712266242,61.0,61,52.4266045,16.9097669,53.0118597,18.6167894,,,,16222,8159.340153455734,5.18329545795707,42.194915771484375,0.07375048100948334,202,,30642849,8249618,253825,,,26700000,,,,,
2020-07-06,,,,1720.6265183919324,25.0,25,52.4253532,16.9096093,52.4273399,16.9185896,,,,5866,3676.2459675073624,0.6838461479995316,3.3885271549224854,0.15124505758285522,67,,45233668,2333417,,,,37320000,,,,,
2020-07-07,,,,1665.9772250176327,11.0,11,52.4262929,16.9095507,52.4272919,16.9123397,,,,3637,2395.4063668251038,0.6151830608163287,3.591970682144165,0.26694250106811523,43,,57528639,1345909,,,,25500000,,,,,
2020-07-08,,,,1624.9594684256533,4.0,4,52.4263094,16.9119158,52.4263094,16.9119158,,,,2028,1374.1160185337067,0.5579096407029183,1.5492676496505737,0.27806511521339417,28,,54848780,632984,,,,29940000,,,,,
2020-07-09,,,,1813.8400636732313,52.0,52,52.4268135,16.910049,52.4380295,16.9277081,,,,9500,6522.745488286018,0.5764957993006156,2.3238396644592285,0.21195226907730103,100,,50724414,3988813,,,,29340000,,,,,
2020-07-10,,,,1611.3905401373333,1.0,1,,,,,,,,1100,727.7648875713348,0.6152087451925783,3.788174867630005,0.2768785357475281,15,,53936453,390766,,,,31740000,,,,,
2020-07-11,,,,1672.4960731001338,47.0,45,52.4263082,16.9094784,52.4273052,16.9119229,,,,12693,3398.4005954265594,0.8171009129177994,17.440046310424805,0.24900533258914948,188,,54159323,1470131,,,,27600000,,,,,
2020-07-12,,,,1779.7945969399157,9.0,8,52.4176302,16.9073026,52.4268228,16.9100585,,,,6263,4372.775790691376,0.5515214487905795,3.1879029273986816,0.294504314661026,88,,50743524,3349444,,,,30840000,,,,,
2020-07-13,,,,2081.7272379265155,54.0,53,52.39954,16.8597959,52.4373278,16.9189375,,,,17841,11125.715556204319,0.689961266320066,4.235352516174316,0.14571915566921234,234,,68188088,8775400,,,,,,,,,
2020-07-14,,,,1708.5376850091013,25.0,21,52.4016497,16.9081838,52.4276522,16.9250613,,,,5143,3800.738796234131,0.546960669462919,2.4561996459960938,0.24859584867954254,56,,64444271,2108840,,,,18660000,,,,,
2020-07-15,,,,1873.6048882849268,47.0,47,52.4011196,16.9092382,52.4276519,16.9257851,,,,10906,7452.112572669983,0.6659400091412877,3.3600754737854004,0.12462183088064194,123,,59536969,5048921,,,,,,,,,
2020-07-16,,,,1629.2398693895827,4.0,4,52.4263124,16.9097732,52.4269914,16.9122108,,,,2684,1787.226661682129,0.5199124797754439,5.701862335205078,0.2558199167251587,40,,59542223,708054,,,,24900000,,,,,
2020-07-17,,,,2086.9152512846263,103.0,100,53.1451544,16.7207269,53.1522846,16.7701332,,,,19486,11978.519989904673,0.8797137027595815,11.135299682617188,0.1528622955083847,209,,64853562,8870317,,,,,,,,,
2020-07-18,,,,1748.2040008624317,7.0,7,53.144402,16.7203682,53.1524496,16.7477284,,,,5344,3571.1287434727833,0.6170049880859596,3.8388776779174805,0.1135137528181076,82,,51750932,2832878,,,,27660000,,,,,
2020-07-19,,,,1633.9424028858778,2.0,2,,,,,,,,4012,2666.3709123134613,1.606815541664225,32.409000396728516,0.27806511521339417,64,,46794286,793337,,,,27000000,,,,,
2020-07-20,,,,1937.1020185702282,69.0,69,53.1465251,16.7192091,53.163776,16.7759859,,,,12288,8570.03630951047,0.7298890299589459,10.57744026184082,0.26694250106811523,144,,48718436,6205000,,,,28440000,,,,,
2020-07-21,,,,1919.8820844661893,49.0,47,52.399644,16.7462888,53.1414604,16.9196758,,,,13585,9311.031833767891,0.5988254221884379,3.48101806640625,0.23669229447841644,176,,44018193,5869889,,,,27060000,,,,,
2020-07-22,,,,1644.3939497443164,4.0,4,,,,,,,,2123,1446.8144001960754,0.6518605808486603,1.8388580083847046,0.2558199167251587,32,149485,56613315,276263,237070,,,28800000,,,,,
2020-07-23,,,,2165.0778839930717,116.0,113,52.4253519,16.9095491,52.4423968,16.9341963,,,,19238,14337.071771532297,0.6842163419189337,14.449429512023926,0.21914896368980408,200,,37863398,10274566,,,,36300000,,,,,
2020-07-24,,,,1675.3172316306627,14.0,13,52.4262887,16.9095975,52.4273878,16.9119273,,,,3544,2475.422515153885,0.4783941235243333,2.6303999423980713,0.2540785074234009,42,,52334068,1518297,,,,31800000,,,,,
2020-07-25,,,,1739.8532507729087,37.0,37,52.4262675,16.909411,52.4603326,16.9244625,,,,7403,3306.5828016996384,1.1544219531356616,18.40570068359375,0.11083102971315384,88,,53550358,2443977,104629,,,27960000,,,,,
2020-07-26,,,,1686.5222193723691,20.0,19,52.4213724,16.9086645,52.4268251,16.912095,,,,4347,3035.5884335041046,0.886573093988809,4.774534225463867,0.0893736407160759,50,,59546797,1731931,,,,24540000,,,,,
2020-07-27,,,,1698.3697476736108,14.0,14,52.4232598,16.9089421,52.4272802,16.918458,,,,4638,2929.5969853401184,1.0249714104360765,2.177215814590454,0.27806511521339417,59,,48516925,1943421,,,,33000000,,,,,
2020-07-28,,,,1880.2175518629178,57.0,56,52.426013,16.9097684,52.4415575,16.9220793,,,,12372,8364.53109407425,0.6897193952304337,4.57883882522583,0.2605370581150055,166,,48912120,4581060,261864,,,26100000,,,,,
2020-07-29,,,,1794.6414818679173,37.0,37,52.4263046,16.9100464,52.4306752,16.9163016,,,,7126,4809.25918674469,1.0021739377810288,16.992353439331055,0.26694250106811523,79,,45410150,3641196,,,,36900000,,,,,
2020-07-30,,,,1958.113087984435,47.0,44,52.4262825,16.909764,52.4642278,16.9230799,,,,12758,9350.601514816284,1.1162336127716548,19.1007080078125,0.2540496587753296,162,,53792809,6575672,,,,23460000,,,,,
2020-07-31,,,,1779.48872529093,38.0,36,52.4267851,16.9092164,52.4376415,16.9213658,,,,7267,5318.591257691383,0.6672404041040457,8.07375717163086,0.26694250106811523,79,,40018279,3376126,,,,34860000,,,,,
2020-08-01,,,,1723.5494972708468,3.0,3,53.1442692,16.74356,53.1592734,16.756814,,,,7471,5070.076350569725,0.5622991490344433,12.803452491760254,0.2495175302028656,129,,55331236,2392904,,,,20700000,,,,,
2020-08-02,,,,1687.072500709038,6.0,6,52.4010495,16.9094085,52.4272638,16.9170812,,,,3699,2543.3271989822388,2.3619429073230167,29.172304153442383,0.3255085349082947,61,,42362836,1738134,,,,35160000,,,,,
2020-08-03,,,,1793.175409893353,28.0,28,52.4270414,16.91793,52.4550688,16.9561979,,,,6864,4455.3493374586105,1.0148536431813147,15.236945152282715,0.26290011405944824,87,,53396552,3615004,,,,26220000,,,,,
2020-08-04,,,,1718.8083929328855,3.0,3,52.426273,16.909639,52.4273121,16.9120844,,,,5500,3550.448815345764,0.7013230402904399,2.987964153289795,0.21830278635025024,86,,47191121,2308270,,,,34260000,,,,,
2020-08-05,,,,2610.553199456244,108.0,107,52.4229099,16.8774324,52.4658611,16.9420009,,,,19852,13817.414004996419,1.1510827436257383,27.383140563964844,0.2518547475337982,277,,40491729,11870095,,,,26880000,3000000,,,,
2020-08-06,,,,1845.5216758657475,27.0,27,52.4265493,16.9097284,52.455075,16.9561037,,,,8659,5944.054971694946,0.8182221079502151,15.450071334838867,0.25580671429634094,131,,54964195,4570211,,,,20700000,,,,,
2020-08-07,,,,2018.9571252793016,48.0,47,52.4010939,16.9096607,52.4551195,16.9619976,,,,12272,8861.688404083252,0.7484275408747915,6.769015789031982,0.14212749898433685,145,,46716091,7647784,,,,27060000,,,,,
2020-08-08,,,,1695.0758913223758,13.0,13,52.426306,16.9100097,52.4267388,16.9119377,,,,3327,2348.25617647171,0.9798426247156743,5.980647563934326,0.26694250106811523,38,,49173307,1869831,,,,34800000,,,,,
2020-08-09,,,,1748.8231031707576,23.0,23,52.408609,16.9096888,52.4267984,16.9240787,,,,5768,4112.566774368286,0.6282289899952179,10.340300559997559,0.2584809958934784,66,,46969423,2844059,,,,34740000,,,,,
2020-08-10,,,,1909.6821749352946,38.0,37,52.4260201,16.9095824,52.4550024,16.9561712,,,,9944,6563.718457221985,0.6520557331384722,2.59124755859375,0.26367852091789246,118,,57883928,5706828,,,,18660000,,,,,
2020-08-11,,,,1781.3115404248238,32.0,32,52.4262941,16.9116129,52.4544727,16.9538012,60.0,60.0,60.0,8788,5936.946409642696,0.6173583254201457,3.980991840362549,0.2779735326766968,108,,52553482,3424004,,,,26700000,,,,,
2020-08-12,,,,2048.842808324952,87.0,79,52.4107778,16.9068184,52.427758,16.9249712,90.0526606457174,156.6522979736328,60.0,11605,5553.837219007313,0.6805636696371012,4.4573445320129395,0.009428560733795166,140,,45469360,4164767,,1863433,,32580000,,,,,
2020-08-13,,,,1903.5035854924113,45.0,41,52.4262508,16.9096847,52.4551626,16.9563725,80.61053917802258,143.22781372070312,60.0,7946,5549.499561011791,0.8126543292733699,12.416956901550293,0.06381820142269135,87,,62935902,5605240,,,,15420000,,,,,
2020-08-14,,,,1674.4603123520544,10.0,10,52.4262667,16.9093726,52.4272669,16.9122076,85.68531934826652,122.24110412597656,60.0,2789,1678.6173963546753,0.5554573993130206,4.713586330413818,0.1867436021566391,32,,52648349,1516618,,,,31200000,,,,,
2020-08-15,,,,2075.375002280243,50.0,49,52.4212271,16.9087131,52.4269073,16.9101369,81.42322780227896,136.83070373535156,60.0,7033,3618.849466383457,0.5979224222084131,5.879350662231445,0.012399663217365742,104,,51488943,2925649,106030,2598098,,27600000,,,,,
2020-08-16,,,,1838.7036388588165,36.0,36,52.4264197,16.9096051,52.427374,16.9199641,87.21424830709961,121.85779571533203,64.51554107666016,6161,2685.0513414666057,0.7242107643053635,10.785114288330078,0.020016387104988098,74,,55210521,1966938,,1171292,,26400000,,,,,
2020-08-17,,,,2166.4866735139553,113.0,99,52.426244,16.9095755,52.4551799,16.9562828,88.90031088909988,139.7960968017578,60.0,14694,11250.498491212726,0.6921412618987307,8.604314804077148,0.0574318990111351,143,,48605279,10153054,,,,25200000,,,,,
2020-08-18,,,,1865.393541624614,60.0,45,52.4271563,16.9137368,52.4551569,16.9552445,102.72984015508365,177.7672576904297,60.0,8316,5811.930870175362,0.6829926611139104,10.356905937194824,0.2558199167251587,97,,65345122,4924942,,,,14880000,,,,,
2020-08-19,,,,1934.040167205144,48.0,48,52.4272568,16.9125155,52.4424022,16.9202773,81.42184218575251,136.21533203125,60.0,7731,4925.996132612228,0.6011429875314196,16.433256149291992,0.028366051614284515,88,,43332392,6150343,,,,34200000,,,,,
2020-08-20,,,,1726.0767642248184,54.0,54,52.4016233,16.9099648,52.4274424,16.9232454,85.93465157612198,132.67782592773438,60.0,12368,3443.3155111670494,0.5595890041400882,1.988764762878418,0.09321711957454681,144,,58565667,2438014,,,,23940000,,,,,
2020-08-21,,,,1952.2945072246716,59.0,59,52.4267613,16.9097697,52.4552801,16.9563982,84.12223468139427,121.44861602783203,61.33951950073242,11213,5238.862091183662,0.5833445666308955,9.923956871032715,0.037671953439712524,117,,47630388,6476200,,,,30420000,,,,,
2020-08-22,,,,1914.83530630258,65.0,64,52.4014407,16.9087286,52.4272799,16.9326256,76.5292885494521,132.17539978027344,60.0,11435,8184.409397423267,0.7903178409847967,8.542816162109375,0.09102073311805725,118,,45187896,5805395,,,,32400000,,,,,
2020-08-23,,,,1944.3162434494586,44.0,44,52.4265312,16.9097338,54.3565997,18.654502,,,,14567,6868.297975003719,4.076525890315512,41.68566131591797,0.26483243703842163,202,,27448585,6142128,83566,,,25800000,,,,,
2020-08-24,,,,2122.9034482005527,50.0,50,52.4000737,16.9093016,52.4272907,16.930975,84.24478948901907,137.49609375,60.0,13202,8405.015348359942,0.5890639200449763,9.85446834564209,3.1199405202642083E-4,154,,43309441,9521327,,,,26820000,,,,,
2020-08-25,,,,2045.1115308930966,62.0,53,52.4208695,16.9031653,52.4274296,16.9196042,94.07777298130787,166.31619262695312,60.0,10746,7912.005411088467,0.7777799740102052,14.846770286560059,0.02530495636165142,113,,51140151,8003776,,,,24060000,,,,,
2020-08-26,,,,1819.4284835232108,31.0,31,52.4262602,16.9092164,52.4274699,16.919618,76.92566804432937,122.61424255371094,47.71951675415039,7073,4974.601606369019,0.6579473059074491,3.069627523422241,0.07161599397659302,75,,61543709,4104425,,,,16140000,,,,,
2020-08-27,,,,1768.4207927045563,64.0,52,52.4000294,16.9094446,52.4274478,16.9281638,84.06808341871825,173.39808654785156,55.779563903808594,13926,6722.613115906715,0.5004372936754655,14.707817077636719,0.05861359089612961,160,,51013524,2959355,63474,,,26640000,,,,,
2020-08-28,,,,2054.2784526729956,57.0,54,52.4055277,16.9085314,52.4275151,16.9345158,83.40590621750114,138.05722045898438,56.48366928100586,12808,8557.24260148406,0.4675454418601784,8.662230491638184,0.014312236569821835,137,,46157358,8227608,,,,30360000,,,,,
2020-08-29,,,,1905.878848235852,43.0,37,52.4239196,16.90384,52.4271932,16.912356,78.88885993047941,144.8428497314453,47.254554748535156,6281,4131.4355392456055,0.6574248267898417,14.201436996459961,0.044885676354169846,65,,43936915,5647641,,,,36300000,,,,,
2020-08-30,,,,1716.8745570291287,19.0,18,52.4009903,16.9095837,52.4274103,16.9193449,84.07210932274997,130.89903259277344,58.23282241821289,6133,3520.7412021160126,2.9838444028132094,31.023792266845703,0.15112458169460297,50,,42876538,2047608,62595,,,32280000,,,,,
2020-08-31,,,,2099.13824765927,126.0,108,52.4264868,16.7085424,53.1527868,16.9194471,93.27432743594615,168.95428466796875,58.317787170410156,14904,10829.457051038742,1.3366101057367379,28.03592300415039,0.08918295055627823,161,,44028900,9092151,,,,25560000,,,,,
2020-09-01,,,,2359.6083369010635,158.0,152,52.400244,16.9033511,52.427392,16.9373716,89.52079091702136,157.021728515625,57.59144592285156,23288,14884.453443454131,0.6717963358123213,17.268695831298828,0.011007673107087612,245,,40670747,13747106,,,,26400000,,,,,
2020-09-02,,,,1794.0620109526149,36.0,34,52.4007338,16.9093367,52.4274785,16.9340443,87.23844419816726,131.0140838623047,59.38859176635742,12334,5875.890152348653,0.5434010720272637,12.510313034057617,0.24287135899066925,126,,56882963,3498399,63124,,,23700000,,,,,
2020-09-03,,,,1855.5557486216753,42.0,41,52.4262753,16.9093689,52.4556499,16.9565222,77.64806598064007,125.41085815429688,57.36208724975586,10365,5617.069768130779,0.7696539214528116,16.03937339782715,0.061734139919281006,104,,55185467,4749329,,,,24660000,,,,,
2020-09-04,,,,1649.465084871153,16.0,16,52.4262527,16.9093966,52.4271824,16.912114,72.60334555951181,136.60467529296875,57.63780975341797,2991,1741.1271878480911,0.8577020692617624,4.255881309509277,0.19446469843387604,33,,46575711,1070430,,,,38100000,,,,,
2020-09-05,,,,1682.8821524120867,20.0,20,52.4266749,16.9093455,52.4274373,16.9195378,80.87175957429842,125.81932830810547,60.390506744384766,8202,3866.2912324368954,0.4337082572961566,2.267139196395874,0.24945558607578278,103,,52936955,1666955,,,,29100000,,,,,
2020-09-06,,,,1674.6208119075745,9.0,9,52.4264739,16.9098616,52.4267591,16.9099505,84.19032297559707,107.24405670166016,59.52140808105469,3177,1335.5132110118866,0.6640337953388059,4.520033836364746,0.07236436754465103,38,,51255531,302501,,574412,,33300000,,,,,
2020-09-07,,,,1953.1554120853543,50.0,50,52.4262676,16.9096961,52.4552219,16.9564153,85.62682265188883,136.0073699951172,60.54727554321289,8676,5846.6688264757395,0.46372565620572714,4.68878173828125,0.015574662014842033,81,,50924335,6490641,,,,26400000,,,,,
2020-09-08,,,,2211.085138499737,141.0,133,52.4046799,16.8995377,52.4305992,16.9482754,93.93720764389147,138.4783172607422,65.74574279785156,18931,12873.145954608917,0.8335843898665789,23.02537727355957,0.02360193245112896,192,,37681359,10741087,99689,,,34200000,,,,,
2020-09-09,,,,2100.0187555821612,115.0,93,52.3999218,16.90340383,52.4279612,16.945543,93.45047463012875,146.6158447265625,59.875,17681,12679.147989273071,0.736356897816514,13.566251754760742,0.02647288888692856,203,,40543912,9113207,,,,35340000,,,,,
2020-09-10,,,,1781.1936689850118,19.0,19,52.4267753,16.9097311,52.4551345,16.9563564,84.2444981234879,119.875,62.23902130126953,11761,5260.666479349136,0.6556416627061317,5.532197952270508,0.2514329254627228,162,,53307458,3417006,,,,26400000,,,,,
2020-09-11,,,,2101.429095039525,84.0,82,52.3995779,16.9037367,52.4381507,16.9483297,84.37522416512726,132.97792053222656,60.85261535644531,12944,10138.733967833221,0.9803908714515698,17.220233917236328,0.060759276151657104,127,,43607884,9138382,,,,29700000,,,,,
2020-09-12,,,,2086.3328161350796,113.0,112,52.4111628,16.9034845,52.4376685,16.9195452,82.55183702591974,131.45237731933594,56.85297393798828,15316,10341.005118563771,0.7640673972546376,16.233564376831055,0.025040054693818092,166,,44714110,8858191,,,,30240000,,,,,
2020-09-13,,,,1715.3296604421323,24.0,21,52.4270381,16.9142151,52.4301002,16.9479178,87.79916422421931,125.99485778808594,51.224613189697266,8005,4053.37563765049,1.099992647286773,4.4070024490356445,0.06453317403793335,77,,47683985,2116093,,,,29340000,,,,,
2020-09-14,,,,1820.6120441659796,34.0,34,52.4267702,16.9095539,52.4553496,16.956264,83.7187341412206,125.52485656738281,60.272613525390625,10055,5889.048022508621,0.6824651751768639,15.009422302246094,0.033877160400152206,103,,43128339,4125553,,,,26700000,,,,,
2020-09-15,,,,2179.0659201519434,160.0,129,52.4248134,16.6467156,53.155156,16.9480242,93.14987488548337,178.5286407470703,61.45600891113281,10101,22315.978754103184,3.3848099627597525,30.377124786376953,0.027523836120963097,166,3957773,35006556,6283086,,,,31860000,,1349,,,
2020-09-16,,,,2213.3917588926856,44.0,44,52.426422,16.9093643,52.4550676,16.9561879,83.24230532097471,120.43213653564453,60.35469436645508,8989,5664.084890723228,0.6458975661303981,15.688921928405762,0.012113556265830994,99,,45362188,11032291,45662,,,27000000,,,,,
2020-09-17,,,,1995.7276130357443,76.0,76,52.4262957,16.9095321,52.4551762,16.9563777,88.06911182504672,128.8109588623047,57.32992172241211,11757,8815.920781880617,0.6209255659794135,18.10206413269043,0.038938600569963455,116,,49246675,7251520,,,,26400000,,,,,
2020-09-18,,,,1938.674251220655,58.0,55,52.4004512,16.9061292,52.4273573,16.9330515,88.40457447478012,142.96875,63.23429870605469,11420,8231.090864956379,0.5235199977030671,6.622347831726074,0.0710752084851265,114,,55197160,5904200,65737,,,22800000,,,,,
2020-09-19,,,,1782.1295638699085,31.0,28,52.4270192,16.9116549,52.4617771,16.9226727,79.03836882278176,128.89268493652344,58.361968994140625,8722,3893.888249397278,0.8897386706855673,15.300418853759766,0.24760478734970093,95,,48884559,3384042,,,,29700000,,,,,
2020-09-20,,,,1907.0564271323383,57.0,55,52.424987593021775,16.9060145,52.4380796,16.9475319,84.5547892084696,142.46791076660156,57.2445182800293,8070,7015.657235264778,0.9828924574826096,13.443461418151855,0.01851436123251915,90,,43659413,5642200,,,,33000000,,,,,
2020-09-21,,,,1976.702232066542,61.0,59,52.4261089,16.9097203,52.4551232,16.9563052,84.55454632679272,157.97787475585938,58.18503952026367,11697,7919.597779552452,0.5642376984848543,6.399763107299805,0.05086354538798332,131,,43934313,6184064,317039,,,32160000,,,,,
2020-09-22,,,,2464.51453451626,145.0,142,52.4043876,16.8828395,52.4298061,16.9392228,92.14550167958093,135.97230529785156,60.98492431640625,18433,16277.252649366856,0.9312756432131684,14.730681419372559,0.0,208,,35961311,15501410,,,,29400000,,,,,
2020-09-23,,,,2711.618247644976,61.0,56,52.426302,16.9095201,52.455225,16.9599521,83.99966569714607,138.28897094726562,60.78287887573242,14222,8956.079480856657,0.8657725899276855,4.72145414352417,0.0,156,,34045560,20030772,,,,26940000,,,,,
2020-09-24,,,,3602.500370911633,502.0,360,50.73507231842765,15.6392078,52.4278144,16.9169033,124.81260499586423,175.92739868164062,68.39957427978516,29656,24408.268243938684,2.9203048255875075,71.99951171875,0.0033204196952283382,397,,25212353,1376977,,,21542837,18300000,,,,,
2020-09-25,,,,3015.4227911909393,361.0,280,50.76238831468502,15.5158639,50.8334792,15.6389066,125.92532976317945,154.8878173828125,91.38739776611328,28120,17804.325399696827,5.390054839134148,26.57325553894043,0.2570284605026245,339,,15956673,532757,,,19479993,26700000,,,,,
2020-09-26,,,,1695.7198467428486,21.0,21,52.4262273,16.909569,52.4285445,16.9168547,82.92775113623593,150.54229736328125,60.0,5889,3736.6622965335846,0.6084948200024619,4.083390712738037,0.24692784249782562,72,,52533472,1896118,,,,30000000,,,,,
2020-09-27,,,,1927.272410683434,69.0,61,52.423727,16.9089894,52.4326373,16.9282282,88.28747629823782,176.30772399902344,60.0,10580,7521.816552944481,0.5527186699423243,6.995746612548828,0.06649499386548996,107,,45394758,6025152,,,,33300000,,,,,
2020-09-28,,,,1885.0880930263222,54.0,54,52.4265014,16.9097358,52.4552472,16.9561284,,,,11487,6937.471593141556,0.8456015780167667,16.17530632019043,0.26865190267562866,154,,73241163,5649151,,,,1800000,,,,,
2020-09-29,,,,1964.9317917525768,58.0,56,52.4267129,16.9096149,52.4551243,16.9563406,83.87579776793814,140.17764282226562,59.837501525878906,10805,6944.860470235348,0.5324667563576417,5.9420013427734375,0.08481378853321075,118,,53465241,6685346,,,,24600000,,,,,
2020-09-30,,,,1841.0289953867843,68.0,57,52.4267787,16.9097436,52.4552643,16.9562583,83.04039989050676,154.83407592773438,58.26899719238281,11457,5899.492344465107,0.6248954134448568,14.322736740112305,0.20554625988006592,111,,50142926,4490014,,,,28500000,,,,,
2020-10-01,,,,2008.5406392690345,73.0,70,52.3996438,16.9096081,52.4383513,16.9224632,87.11245653775615,131.62445068359375,56.22482681274414,13411,7965.635306835175,0.6868515087356684,35.41323471069336,0.0,142,,48257859,7480242,,,,27000000,,,,,
2020-10-02,,,,1960.2542417297086,49.0,49,52.2295369,21.0007747,52.2472166,21.0223642,86.74796018789034,143.05368041992188,61.13908767700195,14405,7162.131411075592,2.486821159969685,27.621660232543945,0.12004411220550537,183,,35601102,7564856,167596,,,27000000,,,,,
2020-10-03,,,,2181.5297544506043,120.0,114,52.2195563,16.9092173,52.4276117,21.0188357,81.04837136320589,148.5724639892578,59.438690185546875,14335,9968.194614902139,1.1262565123384871,19.86132049560547,0.014310267753899097,151,,37228039,10568249,,,,27900000,,,,,
2020-10-04,,,,1966.2764662576528,71.0,69,52.4247875,16.9060433,52.4308595,16.9474789,89.36329955687492,127.10655975341797,59.73375701904297,12365,9785.122321277857,0.5225534944890736,14.948997497558594,0.06713204085826874,127,,51662296,6459935,,,,24900000,,,,,
2020-10-05,,,,1791.267986536026,33.0,32,52.4262794,16.9096764,52.4661998,16.9248693,85.40844550976219,153.10922241210938,56.776756286621094,7529,4828.72945857048,0.5222735112886117,6.900650978088379,0.039323590695858,76,,53323566,3540880,,,,26100000,,,,,
2020-10-06,,,,1747.3795334828612,26.0,26,52.4268414,16.9096684,52.4662081,16.9243866,84.62195322817747,129.43670654296875,61.32476806640625,7983,3603.813304424286,0.5709585738576152,2.9236533641815186,0.17177970707416534,91,,54559548,2817410,,,,25920000,,,,,
2020-10-07,,,,2208.2797099722957,90.0,86,52.3996621,16.9046534,52.4661663,16.9249044,85.35615215670012,141.1753692626953,59.875,13454,10089.255832910538,1.2428632339260983,14.592216491699219,0.03920351341366768,138,,44544956,11030246,,,,26400000,,,,,
2020-10-08,,,,1827.4473504673902,61.0,55,52.4014421,16.9094946,52.4273045,16.9194078,84.35253948344244,170.2054901123047,58.218196868896484,12371,6354.373614281416,0.8494105921015819,14.363500595092773,0.24299262464046478,136,,44235360,3972746,83431,,,35100000,,,,,
2020-10-09,,,,1898.0641712566398,48.0,46,52.4022156,16.8969941,52.4272932,16.9453379,84.6926343589842,133.9659423828125,63.26726531982422,9281,8684.798277974129,0.7631572222775818,18.751680374145508,0.008013131096959114,106,379749,54093171,4808285,,,,23820000,,,,,
2020-10-10,,,,1799.2750839319951,32.0,30,52.4074466,16.904243,52.4268254,16.9144093,81.81677800837546,126.21443176269531,58.97379684448242,8706,5491.544726185501,0.7764717556506419,24.577733993530273,0.1693505495786667,89,,46578833,3281716,62543,,,24300000,,,,,
2020-10-11,,,,1605.0215240716934,,,,,,,84.92137868131975,177.2692413330078,59.41341018676758,4328,2103.0222601890564,0.5736087416621787,2.5827341079711914,0.2462569624185562,51,,48092864,277076,,,,37200000,,,,,
2020-10-12,,,,1733.3539406528002,34.0,31,52.4074765,16.9093616,52.42746,16.9193314,75.4326251376795,131.17518615722656,52.19627380371094,8139,4332.827270001173,0.7229358284052915,16.66180419921875,0.244918093085289,80,,50917517,2534943,,,,32400000,,,,,
2020-10-13,,,,1668.5949009557867,13.0,13,52.4262242,16.909638,52.4271992,16.9119815,73.77760829787046,118.46614837646484,55.72471237182617,4497,2000.2260177731514,0.5551356094220955,4.143007278442383,0.035386666655540466,34,,50560372,1411914,,,,33900000,,,,,
2020-10-14,,,,1705.042552856635,30.0,30,52.423828,16.9056232,52.4322856,16.9120398,74.11792019296381,141.99217224121094,44.63633728027344,6644,3169.5066729165865,0.4114213762535306,10.314911842346191,0.049233872443437576,56,,55579287,2062383,,,,,,,18660000,9000000,
2020-10-15,,,,1702.582919926534,13.0,13,52.4262852,16.9092661,52.4272079,16.91209,73.53201389615687,131.3356170654297,50.93311309814453,5314,2566.1962232909846,0.3852738370627813,4.24863338470459,0.012394271790981293,46,,54365032,2018630,,,,,,,18840000,9420000,360000
2020-10-16,,,,1822.704201055747,48.0,44,52.4187724,16.9087127,52.427233,16.9194815,88.9874568646539,140.28457641601562,62.09783172607422,11538,5180.052822678001,0.7206609853283583,2.628924608230591,0.010950316675007343,115,,80021459,4152383,,,,,,,,,
2020-10-17,,,,1787.7667914073404,35.0,34,52.4020723,16.9040971,52.427434,16.9196139,75.5510969193913,138.1381378173828,48.387474060058594,7893,5299.552781045437,0.5711640848324735,4.608080863952637,0.05030759796500206,74,,51507498,3526820,,,,,,,17640000,9900000,840000
2020-10-18,,,,1600.1855844648487,,,,,,,68.97264458569619,111.63990783691406,50.07552719116211,2394,850.5450922250748,0.4476499742358457,2.0030083656311035,0.24411754310131073,13,,70074399,190748,,,,,,,9060000,5280000,600000
2020-10-19,,,,2852.9023176404176,29.0,29,52.4010869,16.9086319,52.4274444,16.9215969,89.82500984501701,131.95726013183594,56.183204650878906,7515,5601.257678091526,0.4340173934461919,8.786005973815918,0.0,58,,62657279,22472199,,,,,,,,,
2020-10-20,,,,1777.5688702967443,31.0,31,52.4262589,16.9058718,52.4360029,16.9134918,85.31395600840355,141.16046142578125,58.109195709228516,6954,4410.025234341621,0.6235671021236059,13.592857360839844,0.01083419006317854,75,,82127450,3357073,,,,,,,,,
2020-10-21,,,,1718.6995997814859,28.0,28,52.4255825,16.906074,52.4276017,16.9194861,85.53325250907486,128.99964904785156,61.15371322631836,7580,3763.7263392806053,0.6111563255566095,4.106431007385254,0.24278301000595093,63,,77869830,2280074,,,,,,,,,
2020-10-22,,,,1791.0902677265262,36.0,36,52.4270431,16.7191968,53.152405,16.9194324,85.66097647741441,137.13009643554688,60.0130615234375,7900,4874.561832532287,0.4201077284619455,3.4946696758270264,0.25604692101478577,70,,73439527,3574974,,,,,,,,,
2020-10-23,,,,2087.97872958684,81.0,79,52.399579,16.8983282,52.4280597,16.9195858,88.27349840562142,141.14511108398438,64.81036376953125,11233,8945.185217233375,0.5913406437210291,16.137142181396484,0.005434702150523663,98,,75993535,8813426,,,,,,,,,
2020-10-24,,,,1992.550167921536,65.0,65,52.4138966,16.9023085,52.4271113,16.9120705,84.73176371494417,133.81007385253906,61.89200973510742,9641,6905.468736574054,0.5145521458960979,6.906367778778076,0.015115792863070965,95,,78837741,7194799,,,,,,,,,
2020-10-25,,,,2118.2895066742544,64.0,64,52.4229718,16.8979369,52.4269923,16.9120449,79.66921848583665,125.14556121826172,56.15312576293945,8970,5363.048611804843,0.7705205003755269,3.3849740028381348,0.007229452952742577,88,,80530882,8257107,,,,,,,,,
2020-10-26,,,,1792.0714854904477,29.0,26,52.4240731,16.9041056,52.4269488,16.9100699,88.61871953992575,145.73834228515625,59.875,6147,4002.029497027397,0.4558483370495826,13.184289932250977,0.044404786080121994,58,,80122514,3616080,,,,,,,,,
2020-10-27,,,,1659.6642838547002,17.0,16,52.4240896,16.9041594,52.4268589,16.9100638,80.12620488099351,138.67910766601562,59.875,5260,3006.7644158899784,0.5960091164604248,6.360893249511719,0.24464567005634308,39,,83162563,1252495,,,,,,,,,
2020-10-28,,,,1885.042607163726,50.0,44,52.4256928,16.9091365,52.43597,16.9220642,82.5450850465489,140.1551055908203,60.59236145019531,9883,6324.334299087524,0.6420833085822142,4.2912373542785645,0.24451115727424622,95,,80182804,4979030,98543,,,,,,,,
2020-10-29,,,,1893.9851840041295,100.0,67,52.4069687,16.9035095,52.4269471,16.9389468,92.24082046104427,154.5277099609375,59.53989791870117,11068,6397.976197957993,0.846512977710327,33.0,0.01785852387547493,98,,79140987,5258619,43664,,,,,,,,
2020-10-30,,,,1888.7666713158687,80.0,63,52.4004471,16.9089783,52.4357769,16.9275809,90.45711546772314,144.0900421142578,58.76122283935547,11176,8033.7064272761345,0.7087691074615564,16.801889419555664,0.16784851253032684,119,,76730604,5070951,82848,,,,,,,,
2020-10-31,,,,1852.4555437180923,49.0,49,52.3995302,16.9074821,52.4274159,16.919918,86.48841976228913,126.76063537597656,58.634849548339844,8620,5397.665762215754,0.8053439942075677,15.559194564819336,0.2555464506149292,87,,79241036,4693987,,,,,,,,,
2020-11-01,,,,1706.8928255605827,25.0,20,52.4218192,16.9087693,52.4268358,16.9120615,84.27207549459372,147.25440979003906,57.475677490234375,5937,3453.0641653096363,0.7478880885780655,4.929898262023926,0.24293524026870728,51,,82181709,2095565,,,,,,,,,
2020-11-02,,,,1654.182096951671,11.0,11,52.4262946,16.909421,52.4272595,16.9125707,82.36808915609717,124.08985900878906,65.20186614990234,4913,2592.8783197402954,0.4313112333391445,2.6503946781158447,0.06810647994279861,47,,82311722,1154632,,,,,,,,,
2020-11-03,,,,1689.546767166979,11.0,11,52.4262763,16.9093916,52.4272088,16.9121163,81.99958482333416,136.06031799316406,60.90283203125,5990,2835.0695073604584,0.44458655113593154,6.195938587188721,0.013539818115532398,53,,82307965,1785924,,,,,,,,,
2020-11-04,,,,1849.4291213538868,19.0,17,52.4262827,16.9094951,52.4272232,16.9121182,83.8319818683429,143.91024780273438,61.22096633911133,5580,2710.21031075716,0.9326277324700443,5.022157669067383,0.011724354699254036,37,,80986026,4639962,,,,,,,,,
2020-11-05,,,,1715.538032942328,24.0,23,52.4251365,16.9095146,52.4271684,16.9189708,73.88054494497057,146.6728973388672,60.0,7222,4479.387205123901,0.6341049571628844,6.722037315368652,0.18468959629535675,86,,79364794,2249891,,,,,,,,,
2020-11-06,,,,1807.55433028706,29.0,27,52.4263289,16.9035871,52.4305274,16.9119583,83.57022983947931,135.0601348876953,60.0,7966,4565.509102106094,0.5802450381632402,22.497587203979492,0.017041146755218506,72,,78994771,3886529,,,,,,,,,
2020-11-07,,,,2123.333211866683,67.0,64,52.4250312,16.9093555,52.432622,16.9469592,81.18208255493899,146.89468383789062,47.16416549682617,13461,8484.00188082084,2.4085214989216777,10.430122375488281,0.0,136,,70021305,9529390,,,,,,,,,
2020-11-08,,,,1589.4999506785477,,,,,,,74.63786670172377,99.92829132080078,56.99014663696289,3442,1229.864082455635,1.271781734620564,3.287517786026001,0.24382448196411133,25,,84882173,,,,,,,,,,
2020-11-09,,,,1662.0306819403606,11.0,11,52.4262997,16.9094779,52.4272319,16.9124609,82.96567525787789,130.97796630859375,59.875,5786,3373.1313605308533,0.44398241922583054,2.854844570159912,0.10672055184841156,56,,81650121,1294737,,,,,,,,,
2020-11-10,,,,1872.2449275782874,14.0,14,52.4262482,16.9093625,52.4269918,16.9117974,80.10790121737061,148.88827514648438,57.4990234375,5495,2529.5910242795944,0.6754122669834138,10.774099349975586,0.24610738456249237,48,,79615990,5047244,,,,,,,,,
2020-11-11,,,,1593.911000506505,,,,,,,83.0329975107111,153.46774291992188,61.0130615234375,4191,1473.8582254648209,0.586126251008745,4.955308437347412,0.24329745769500732,25,,85447766,78742,,,,,,,,,
2020-11-12,,,,1634.090672152476,11.0,11,52.4263098,16.9091534,52.4267974,16.9120739,84.11780258271085,120.72492980957031,59.837501525878906,5485,2619.4724490642548,0.4817374432642014,9.83461856842041,0.2484789937734604,55,,81659789,1464630,,,,,,,,,
2020-11-13,,,,1692.165453715515,17.0,11,52.4262532,16.9093947,52.4271731,16.91237,83.25117781061388,186.80943298339844,58.50483703613281,8064,4299.978626717173,0.4838220784384823,3.1751232147216797,0.24331790208816528,88,,78879009,1832668,,,,,,,,,
2020-11-14,,,,2296.705236824801,80.0,72,52.4262947,16.9090545,52.4358745,16.9282695,83.97817194707281,148.04795837402344,61.39940643310547,12121,7678.066518556036,0.7514258877824073,5.877779006958008,0.02736327238380909,128,,69628227,12621630,1134,,,,,,,,
2020-11-15,,,,1598.6417627418555,,,,,,,96.50240390602258,123.35191345214844,59.875,6833,3349.3321133852005,0.4309360454205818,7.394202709197998,0.2559764087200165,71,,80534056,163188,,,,,,,,,
2020-11-16,,,,1610.7763772414935,,,,,,,84.93278885493967,133.99288940429688,53.034725189208984,6880,2830.492236852646,0.5375292509499331,2.618720054626465,0.18853537738323212,54,,72319855,379802,,,,,,,6060000,,480000
2020-11-17,,,,1602.8098060664295,1.0,1,,,,,73.31448128957122,109.01629638671875,55.989707946777344,6345,3048.6554437875748,0.357756996084777,1.2924163341522217,0.2391238659620285,68,,80764975,237592,,,,,,,,,
2020-11-18,,,,1815.906704975628,40.0,33,52.424015045166016,16.904155731201172,52.42721176147461,16.91199493408203,81.02576554609878,168.73146057128906,55.976139068603516,9019,5990.542340040207,0.7956012559598048,56.09328842163086,0.058872222900390625,102,,76330751,3845566,78274,,,,,,,,
2020-11-19,,,,1764.1218593780288,46.0,40,52.4143435,16.90477180480957,52.42692947387695,16.911965,92.39022916500001,142.8516082763672,58.35805130004883,9086,5843.942841172218,0.5826990763532438,3.218062400817871,0.24671374261379242,84,,56810891,3063623,,,,,,,,,
2020-11-20,,,,1569.4697409704295,123.0,104,52.4246826171875,16.908103942871094,52.4378662109375,16.9211759,84.87614746313432,153.94789123535156,59.81085205078125,17492,12212.538596987724,0.892716648200457,5.684484958648682,0.16477392613887787,176,,72898032,8142350,,,,,,,,,
2020-11-21,,,,1589.4998764123422,,,,,,,73.59315775507491,117.6768798828125,57.5411491394043,1645,608.7698804140091,0.5642430583345832,2.4590890407562256,0.24274574220180511,9,,79182531,,,,,60000,,,4560000,1500000,
2020-11-22,,,,1594.8638280927064,,,,,,,85.13823034797845,134.14768981933594,59.875,2901,1247.482468366623,0.5034244823756193,1.465063452720642,0.24318796396255493,23,,83388473,95750,,,,,,,,,
2020-11-23,,,,1753.1606308761052,34.0,33,52.424556732177734,16.90802764892578,52.4272267,16.9119832,86.5217736578849,136.9555206298828,61.179805755615234,7600,4277.513458326459,0.47195475639898393,4.188936233520508,0.04338714852929115,83,,79133249,2921486,,,,,,,,,
2020-11-24,,,,1877.6898744181594,68.0,67,52.4251961,16.9096736907959,52.437862396240234,16.9250251,87.9316395448123,134.68820190429688,59.71983337402344,13194,8633.298571944237,0.5900714129059567,17.265687942504883,0.1375032663345337,134,,78648694,4923596,56829,,,,,,,,
2020-11-25,,,,1619.9823348065356,1.0,1,,,,,73.32472377138599,114.31730651855469,55.39069747924805,4787,1863.5004241466522,0.6114534055667838,2.7352330684661865,0.24607804417610168,32,,83911871,329356,93650,,,,,,,,
2020-11-26,,,,1347.6989486546179,31.0,29,52.42511749267578,16.90900230407715,52.42725372314453,16.918546676635742,85.75107247346877,170.79396057128906,59.99675750732422,9311,6173.726092100143,0.5620103032327012,7.173851013183594,0.029017912223935127,97,,78513226,3876771,,,,,,,,,
2020-11-27,,,,1589.500014462467,,,,,,,79.2061575425233,122.93441009521484,51.14378356933594,3681,1103.4708276987076,0.3872091929596881,1.3634542226791382,0.23925445973873138,17,,86043674,,,,,,,,,,
2020-11-28,,,,2755.0723641666195,65.0,65,52.4222412109375,16.899160385131836,52.4376335,16.9193558,84.69959742687566,132.68170166015625,57.00116729736328,14208,9163.96233664453,0.5382012545861775,2.489598512649536,0.009548329748213291,177,,61106424,22194641,,,,,,,,,
2020-11-29,,,,1613.4473147703372,,,,,,,83.40318236934232,124.03202819824219,59.611087799072266,4200,1996.7479404211044,0.748785330311732,8.213445663452148,0.24408549070358276,40,,83991446,421770,,,,,,,,,
2020-11-30,,,,1604.5447396024638,,,,,,,77.60230997402023,124.94876098632812,52.33254623413086,4925,1978.1946555376053,1.1449902556246168,15.461039543151855,0.2480107545852661,38,,77222672,261705,,,,,,,4560000,,1500000
2020-12-01,,,,1803.233358027212,27.0,27,52.42618942260742,16.909423828125,52.42732238769531,16.912201,75.7354077348662,130.6014404296875,52.50697708129883,8214,4484.4489117460325,0.40780230132939244,16.815736770629883,0.01787024736404419,69,,79283868,3427748,168995,,,,,,,,
2020-12-02,,,,1603.3928367922165,,,,,,,73.8495905892584,96.58302307128906,50.1640625,4435,1752.276175379753,0.3483655553821724,4.499524116516113,0.2483866959810257,30,,78148496,247999,,,,,,,5760000,,
2020-12-03,,,,1744.8005456404721,35.0,35,52.42240905761719,16.900279998779297,52.42692565917969,16.90999412536621,80.28505478823016,136.0110626220703,56.34882354736328,7645,5278.893770337105,0.4587926753602681,2.9249041080474854,0.1733516901731491,83,,79682613,2772251,,,,,,,,,
2020-12-04,,,,1648.1538487514333,14.0,12,52.426246643066406,16.909500122070312,52.427330017089844,16.912099838256836,83.76093172918232,135.8975067138672,59.549957275390625,4658,2111.3594682216644,0.5808400490890446,3.6167094707489014,0.1034964919090271,35,,83867600,1046720,,,,,,,,,
2020-12-05,,,,1682.2939868743163,19.0,17,52.4261885,16.9091908,52.4271749,16.9121397,81.8880872689001,122.4094009399414,58.574798583984375,7122,3356.591741323471,2.669711295198404,35.80500030517578,0.12136096507310867,71,,62724182,1641562,,,,,,,,,
2020-12-06,,,,1634.537110337896,10.0,9,52.42630386352539,16.909442901611328,52.427242279052734,16.912221908569336,80.78197726523608,136.33346557617188,58.86104202270508,5961,2965.1857120990753,0.76791500003921,3.648817777633667,0.018802611157298088,59,,82962464,803954,,,,,,,,,
2020-12-07,,,,1600.7975493441081,,,,,,,80.45192559258057,119.62924194335938,55.78602600097656,5284,1999.4581499397755,0.39961546754404925,1.5082640647888184,0.24452756345272064,33,,83521933,201672,,,,,,,,,
2020-12-08,,,,2055.15225257952,69.0,66,52.39955139160156,16.908967971801758,52.4273796081543,16.91960906982422,78.97789382743886,142.4785919189453,57.772579193115234,11412,8619.33644546778,0.7003748386355602,17.051097869873047,0.0203873161226511,124,,75438086,8312300,,,,,,,,,
2020-12-09,,,,1633.4084855799265,9.0,9,52.426307678222656,16.909683227539062,52.427188873291016,16.91221046447754,83.36467427204414,124.69210815429688,59.875,3230,1602.179112315178,0.5546795378889448,15.588949203491211,0.09764644503593445,22,,83684620,783806,,,,,,,,,
2020-12-10,,,,1596.29742082499,,,,,,,83.13706484748353,121.68809509277344,59.313743591308594,3465,1290.2168875932693,0.4229095499278638,2.502594232559204,0.24377977848052979,28,,85226590,121342,,,,,,,,,
2020-12-11,,,,1729.1653256894874,39.0,34,52.425758361816406,16.909503936767578,52.43486785888672,16.915067672729492,88.72138370501582,139.59457397460938,59.07780075073242,7505,4574.612923979759,0.40508737588932536,6.870952129364014,0.11402706801891327,63,,81340316,2493149,,,,,,,,,
2020-12-12,,,,1650.8658333420312,11.0,8,52.42630386352539,16.90924072265625,52.42716979980469,16.912036895751953,85.57364970112779,149.7626495361328,60.9370002746582,4615,2455.4468334913254,0.798510522516017,3.597801685333252,0.03144167363643646,37,,83336687,1095436,,,,,,,,,
2020-12-13,,,,1851.9369870103487,42.0,40,52.426055908203125,16.906536102294922,52.42826461791992,16.912235260009766,89.71279314763694,140.33599853515625,60.5010871887207,8539,5787.616927027702,0.4786039052053287,7.6674909591674805,0.016501406207680702,101,,78828382,4684732,,,,,,,,,
2020-12-14,,,,1589.4997823366814,,,,,,,79.96550154598917,122.10893249511719,56.02461242675781,3699,313.85947346687317,1.0970306996867474,4.119806289672852,0.24408331513404846,22,,86400000,,,,,,,,,,
2020-12-15,,,,1870.208520341099,9.0,9,52.42628479003906,16.909374237060547,52.427207946777344,16.912132263183594,83.55019526492873,142.59725952148438,59.381778717041016,4872,3312.386461928487,0.43899201493281836,6.445509910583496,0.00809171237051487,58,,78852849,5010894,,,,,,,,,
2020-12-16,,,,1636.284486127764,12.0,11,52.426170349121094,16.909502029418945,52.427215576171875,16.912147521972656,84.1389142460759,135.9510040283203,59.571048736572266,4122,1856.5479837357998,0.5211818281057541,3.184692859649658,0.19606773555278778,24,,85225470,835143,,,,,,,,,
2020-12-17,,,,1688.9261395006988,14.0,12,52.424644470214844,16.907846450805664,52.427040100097656,16.910015106201172,74.55860547108499,139.2225341796875,58.30039978027344,4995,2733.331409841776,0.39158766105798454,2.349264144897461,0.014608519151806831,48,,84342354,1774844,,,,,,,,,
2020-12-18,,,,1717.7253750008194,20.0,20,52.42380905151367,16.908098220825195,52.4271333,16.912166595458984,78.23835477820629,128.79649353027344,55.651268005371094,5039,3333.2911198735237,0.4932771765004996,6.126744270324707,0.04081299528479576,47,,77181543,2284998,,,,,,,2460000,2640000,
2020-12-19,,,,1694.4106649558676,9.0,9,52.42629623413086,16.909225463867188,52.427242279052734,16.9124755859375,79.23345185911175,120.521240234375,41.76655960083008,4911,2970.3851553201675,0.4901236425493851,11.522943496704102,0.015781693160533905,56,,82478267,1872748,,,,,,,,,
2020-12-20,,,,1732.4975050393896,27.0,27,52.423728942871094,16.90936851501465,52.42721176147461,16.918588638305664,84.77299490935161,128.65757751464844,61.536197662353516,6890,4099.874066932851,0.4810686482211308,4.6230549812316895,0.02142575941979885,67,,81609022,2552630,,,,,,,,,
2020-12-21,,,,1706.643473784785,25.0,24,52.4262809753418,16.909364700317383,52.427223205566406,16.912220001220703,80.06103183711188,134.76536560058594,51.7462043762207,6646,3707.835334330073,0.3655163291868564,3.181309938430786,0.07337725907564163,62,,78993563,2091113,,,,,,,4200000,,
2020-12-22,,,,2148.164713579312,107.0,85,52.42471694946289,16.907861709594727,52.43891906738281,16.927040100097656,78.85170993445129,148.54428100585938,60.18446731567383,13502,10885.606229364872,0.5144146745402903,17.939252853393555,0.017232906073331833,147,,73409391,9972129,,,,,,,,,
2020-12-23,,,,1981.3437662514202,31.0,30,52.4263026,16.90373420715332,52.43038558959961,16.9119844,80.0059586836242,140.06826782226562,58.92829895019531,7299,4585.889344215393,0.6450252210885375,4.168624401092529,0.2330697476863861,80,,80489439,3731912,,,,,,,,,
2020-12-24,,,,2543.0193315527285,,,,,,,67.69665764046829,103.79605102539062,58.324005126953125,4674,2703.1701434850693,0.3964362630394196,1.9206260442733765,0.24268874526023865,86,,77215412,,,,,,,,,,
2020-12-25,,,,1592.3004508021895,,,,,,,,,,1489,916.3700923919678,1.7655771892637728,25.48175811767578,0.2947177588939667,31,,75809863,49994,,,,,,,,,
2020-12-26,,,,1598.8296032420692,,,,,,,77.41159802080394,106.21763610839844,59.875,2806,1083.5988750670585,0.3912200036052721,2.0082619190216064,0.2416711300611496,25,,85421828,163445,,,,,,,,,
2020-12-27,,,,3270.859429287162,21.0,19,52.421825,16.9089149,52.4269797,16.911,95.23235124196832,148.8238067626953,57.84935760498047,5585,3077.676370837864,1.1278326130326426,7.730086326599121,0.0666297897696495,44,,54968186,30008652,,,,,,,,,
2020-12-28,,,,2041.4317581491969,34.0,34,52.42448043823242,16.908315658569336,52.42720413208008,16.912126541137695,86.6775063319866,136.09190368652344,63.81174850463867,7797,5840.634336736635,0.6848013456110299,11.99111557006836,0.003058290109038353,78,,74911038,8067377,,,,,,,,,
2020-12-29,,,,1658.3844610052815,12.0,12,52.42623519897461,16.909440994262695,52.42723083496094,16.912479400634766,81.13015998901669,131.03829956054688,56.677528381347656,3759,2370.6885199546814,0.6738329617412228,2.3967533111572266,0.060203347355127335,38,,83102114,1229650,,,,,,,,,
2020-12-30,,,,1710.260447838501,35.0,32,52.42628860473633,16.909364700317383,52.43473815917969,16.91484832763672,85.0399866589836,137.77993774414062,58.49138259887695,7009,4488.2323697805405,0.36000117375038937,4.5137939453125,0.18308645486831665,51,,83226897,2136616,,,,,,,,,
2020-12-31,,,,1613.7053355375522,,,,,,,81.67222659041563,116.37321472167969,62.388641357421875,3721,1803.4663038253784,0.38748290786448025,1.1440560817718506,0.2553982734680176,45,,82394471,432087,,,,,,,,,
2021-01-01,,,,1589.4999238537014,,,,,,,,,,500,259.4080047607422,0.6681453858777101,1.0865569114685059,0.27931109070777893,3,,85727250,,,,,,,,,,
2021-01-02,,,,1612.8541257447032,,,52.4265924,16.9096714,52.4268443,16.9101038,82.96430117471266,118.84091186523438,58.452842712402344,4901,1817.4088609218597,0.9481859227925485,3.356395959854126,0.2437112033367157,37,,78457308,416893,,,,,,,2580000,2640000,
2021-01-03,,,,1673.65824805497,19.0,17,52.42183303833008,16.90855598449707,52.4270173,16.9100935,80.8281275966052,135.66195678710938,55.46498107910156,6983,3596.9439381361008,0.5820110605809327,24.754962921142578,0.13708190619945526,66,,82241472,1502299,,,,,,,,,
2021-01-04,,,,1612.8828825191163,,,52.4266806,16.909552,52.4268162,16.9100957,79.69499165850058,117.0604019165039,59.875,5014,1636.4805344343185,0.3888502362583906,1.4138273000717163,0.24671122431755066,28,,84078734,417406,,,,,,,,,
2021-01-05,,,,1786.4948313505636,38.0,36,52.4237576,16.9093197,52.4268929,16.9185875,78.74143115709424,149.87069702148438,56.78191375732422,7436,4079.36845767498,0.4144143636261138,3.559744119644165,0.17077946662902832,63,,82202090,3109987,177264,,,,,,,,
2021-01-06,,,,1596.6149861690558,,,52.4260604,16.90947,52.4268045,16.910042,87.27915631133342,114.18626403808594,60.021121978759766,4784,1870.7399611473083,0.5873082317176213,1.628414273262024,0.24273116886615753,32,,84850707,127010,,,,,,,,,
2021-01-07,,,,1707.8338133139282,48.0,39,52.42612075805664,16.90375328063965,52.43050765991211,16.91217613220215,77.56536204891677,156.2997283935547,58.215904235839844,7609,5458.130489706993,0.4535280520043778,5.506198883056641,0.01758415438234806,77,,77033316,7651550,,,,,,,,,
2021-01-08,,,,1589.499860970695,,,52.4266826,16.9097417,52.4267837,16.9100376,78.14260361343227,145.80340576171875,53.108245849609375,4368,202.4016181230545,0.74579677470514,1.226792812347412,0.26694250106811523,31,,85718480,,,,,,,,,,
2021-01-09,,,,1701.5824708616863,31.0,29,52.426666259765625,16.909378051757812,52.4326538,16.914329528808594,86.1585006750652,134.8922119140625,62.640785217285156,6547,3420.740356683731,0.4789360823724697,3.4385666847229004,0.2432623654603958,44,,83875582,2000773,,,,,,,,,
2021-01-10,,,,1614.4906863164672,,,52.4266588,16.9093224,52.4267978,16.9100267,74.85182522180943,123.47911071777344,59.875,4509,2246.775536417961,0.5756141976976965,1.800140619277954,0.24323396384716034,60,,84173641,446107,,,,,,,,,
2021-01-11,,,,1968.0532682091325,67.0,59,52.42524337768555,16.909358978271484,52.43674087524414,16.920013427734375,87.11661489441347,150.84815979003906,56.83336639404297,11298,8231.331249117851,0.6093801688899241,9.261229515075684,0.01868959702551365,112,,68157912,6499065,,,,,,,,,
2021-01-12,,,,2377.228938161438,12.0,10,,,,,77.03662302172697,141.05145263671875,56.0757942199707,4831,2204.15169775486,0.4926193656769973,3.6143641471862793,0.24386224150657654,44,,,14061649,,,,,,,,,
2021-01-13,,,,1607.7020842952575,,,,,,,76.90675406542171,127.47972869873047,56.89146423339844,3165,1210.768547654152,0.4822508701766713,1.012349247932434,0.24359732866287231,25,,,324921,,,,,,,,,
2021-01-14,,,,1671.8085115816139,55.0,51,52.410358,16.903217315673828,52.42814636230469,16.9140855,95.16199798637436,141.4418487548828,58.21721649169922,10232,8607.574458658695,0.6734574166626651,12.815849304199219,0.024967946112155914,109,,2662,6368017,,,,,,,,,
2021-01-15,,,,,,,52.4267017,16.9097684,52.4267828,16.9099535,,,,268,175.61988973617554,0.36890528964230446,0.6748314499855042,0.26694250106811523,4,,,,,,,,,,,,
